hora,CO,NO2,O3,PM10,PM2.5,SO2,TMP,WSP
1,0.3973448741600526,23.403465824214038,15.74336861400459,33.68964393381355,18.095732065760217,3.5952753980346643,14.214394473154744,1.6814452931331936
2,0.3572403297217347,21.95884975387334,15.129144031507678,32.34021664554718,18.40376742725357,3.6980855827262635,13.659029759127773,1.5720078432536153
3,0.33120742487885046,20.983855730697904,14.2863740608797,31.254752972939617,18.4870756859902,3.711341046771312,13.136818119140992,1.4828973187668697
4,0.3240014583462527,20.810178363021937,13.027252380844383,31.054256832101846,18.659422160244073,3.6392130562265996,12.660241215519282,1.4181552861907016
5,0.3643678539360963,22.235772528126407,10.674920252730441,32.19064623867128,19.1636182167323,3.6183297033373067,12.23630560398591,1.3596868699756655
6,0.5103677410856983,25.02118208156397,7.819257844927469,35.63291809034835,20.15084569800147,3.650841233570717,11.865680855927408,1.315413749305
7,0.7729680862450112,27.30714591381256,6.02924405385182,42.20718091025015,21.537765061876865,3.8251060895900992,11.62180001286935,1.2882882474980422
8,0.9623679766585724,28.22646564864622,7.682058467167602,50.818086109361374,23.18163094830229,4.48865828258066,12.211897810638572,1.2963834863957828
9,0.8701961357017917,29.711053428041332,14.026921528056633,54.657169536890216,25.12336453231271,5.4493052373316795,14.031226792433852,1.413853140251968
10,0.7135386734866833,30.526251840639862,24.3565958121165,54.182593201916596,27.54805890679823,5.696186364969344,16.07899984371243,1.6381001740974146
11,0.5817593125167165,28.172260542607233,37.46026783839413,51.73230783592247,28.986740844920227,5.182092763646606,18.009818686526092,1.8846594944155395
12,0.46373320811827085,23.29058357573205,50.825492826926606,47.65893897326346,28.35045272163673,4.1871050032887585,19.753953697357467,2.131329940898821
13,0.37812884265067537,18.620681779540455,61.520519337149075,43.71788945023253,26.35177995977574,3.3769616783178558,21.171054605571946,2.3613151358338254
14,0.32926332445992335,15.753061886992365,67.66173809179705,41.47914420851198,24.157763873891387,2.960129810828057,22.146869645336277,2.5520690981405334
15,0.305076833870274,14.512932327370255,68.64850865964692,41.250280483387,22.34359181876702,2.8031168850410175,22.642157382640864,2.7330164176288547
16,0.2983926879789016,14.540590565012263,65.26985843304271,42.50575568642394,21.197969917185453,2.7686995023942407,22.637538545415754,2.9387319525571147
17,0.30963500291749163,15.72665527229149,58.302530489300594,44.65594247010882,20.454595531841143,2.7606358946049214,22.058404804360332,3.1586954728195185
18,0.34829250538100853,18.490668739719627,47.98868044487473,47.23980306108418,19.743877964901237,2.731314300351376,20.917996572359584,3.2920279520765656
19,0.4165102666017306,22.667375472354646,36.305032274494515,48.73656477663775,19.136820326677892,2.658256581525361,19.3234125725387,3.2098466723455923
20,0.46041286930142566,24.905648620805763,28.39682346591639,47.15232057572558,18.602365412690105,2.552281851736325,17.918187366852212,2.904555634391409
21,0.4783796147047944,25.848265057529595,23.50470492177832,43.414948445894495,18.171034110383502,2.5205589261706516,16.9205364186433,2.5430495663309856
22,0.48518831761908177,26.4275831730895,19.96716174670857,39.883609012026376,17.937135291662745,2.698345789423235,16.124206670220087,2.239985574782223
23,0.47639832205929195,26.136151108587104,17.7143840395193,37.50487158907354,17.8513370276298,2.994914735198597,15.443290181017193,2.0141756502254964
24,0.454101147393561,25.23805348280177,16.32274496423126,35.622970463910384,17.806715481858948,3.5125779062865963,14.814625560189523,1.829527434578422
