id_station,nom_estac,longitud,latitud,alt,pm25_dias_validos,pm25_dias_sobre,pm25_dias_sobre_por_año,pm25_prom_2020,pm25_prom_2015_2024,o3_dias_validos,o3_dias_sobre,o3_dias_sobre_por_año,o3_prom_2020,o3_prom_2015_2024,no2_prom_2020,no2_prom_2015_2024,pm25_sat,no2_sat
ACO,Acolman,-98.912003,19.635501,2198.0,,,,,,2214.0,195.0,32.14769647696477,,28.29629510844084,,14.930001475921772,26.940535,11.944854
AJU,Ajusco,-99.162611,19.154286,2942.0,1843.0,37.0,7.3277265328269126,18.444715067274984,17.72268165628847,2759.0,808.0,106.89380210221094,32.7423177732567,35.206751474664806,,,18.860157,9.583667
AJM,Ajusco Medio,-99.207744,19.272161,2548.0,2251.0,40.0,6.486006219458019,,18.578627379832486,2699.0,1157.0,156.46721007780658,49.63019693224787,41.50803665996468,12.43602952357558,16.80380242315036,22.61355,14.10143
ATI,Atizapan,-99.254133,19.576963,2341.0,,,,,,3042.0,443.0,53.15417488494412,26.640495977801205,27.73643932405354,16.548067612394988,19.646540725637454,23.849974,16.16827
BJU,Benito Juárez,-99.159596,19.370464,2249.0,2978.0,103.0,12.624244459368704,18.077748555807858,21.201662589811093,3172.0,1257.0,144.6421815889029,29.534286122326332,31.428057814927502,19.754242449007894,23.161534249874027,21.955965,18.752459
CAM,Camarones,-99.169794,19.468404,2233.0,2587.0,107.0,15.096637031310399,19.072365078764705,23.885727509122802,3028.0,856.0,103.18361955085865,29.18414834596892,26.59219363242647,25.129862352546457,30.091962026472057,24.379456,20.964846
CCA,Centro de Ciencias de la Atmósfera,-99.176111,19.326111,2294.0,3264.0,58.0,6.4859068627450975,17.541649228970453,18.591439508545456,3447.0,1528.0,161.7986655062373,35.12581871571641,33.23630251733919,17.11750056755397,22.02523193428091,20.806238,16.137623
CHO,Chalco,-98.886088,19.266948,2253.0,,,,,,2508.0,394.0,57.34051036682615,,29.735672942892382,,19.859429795140123,25.35324,12.70485
COY,Coyoacán,-99.157101,19.350258,2260.0,939.0,70.0,27.209797657082003,,25.05889426922922,936.0,409.0,159.49252136752136,,31.17490762345886,,28.111459207727,21.118292,18.089312
CUA,Cuajimalpa,-99.291705,19.365313,2704.0,,,,,,3242.0,966.0,108.75694016039482,40.28634997297518,34.89040234414354,15.471579863559814,20.13080301136167,25.534704,13.614971
CUT,Cuautitlán,-99.198602,19.722186,2263.0,,,,,,3389.0,460.0,49.54263794629684,26.194267448268135,26.684507760346957,17.290474934676308,19.362208519523595,25.211792,14.701469
FAC,FES Acatlán,-99.243524,19.482473,2299.0,,,,,,3448.0,823.0,87.12151972157773,28.752750012160128,29.081864750596733,19.668087801655577,24.051506544778253,24.235361,18.42726
GAM,Gustavo A. Madero,-99.094517,19.4827,2227.0,1657.0,103.0,22.68859384429692,19.280867157561044,24.0824333088883,2975.0,920.0,112.87394957983194,31.557554022184743,30.119434022989736,21.24414470379414,23.664107313858075,24.602762,18.889618
HGM,Hospital General de México,-99.152207,19.411617,2234.0,1834.0,112.0,22.290076335877863,,24.461293956446916,2313.0,878.0,138.55166450497188,36.629502541880775,30.429047389380347,21.09527152072426,29.785002938798772,22.526785,19.800993
INN,Investigaciones Nucleares,-99.38052,19.291968,3082.0,2069.0,7.0,1.234896085065249,13.027408205777116,13.656129132761214,2820.0,385.0,49.83156028368794,35.37509333346166,35.667952758809705,,,22.8627,11.99179
IZT,Iztacalco,-99.117641,19.384413,2238.0,,,,,,3074.0,1091.0,129.54294079375407,33.337659222793945,28.937812955259652,23.607281668183695,28.960329110941995,23.083185,20.510164
LLA,Los Laureles,-99.039644,19.578792,2230.0,,,,,,3069.0,432.0,51.37829912023461,25.670871268914603,26.68066348667207,24.69690475078557,23.911644061413153,24.57898,18.024328
LPR,La Presa,-99.11772,19.534727,2302.0,,,,,,3158.0,498.0,57.55858138062065,25.366361430555802,26.73278820270261,,,24.402647,17.146303
MER,Merced,-99.119594,19.42461,2245.0,3085.0,143.0,16.918962722852513,22.499862802718464,24.21175053370995,3497.0,987.0,103.01830140120101,29.503656916550696,26.262829738657793,27.398532409947233,32.222991105382285,23.053032,21.847437
MGH,Mguel Hidalgo,-99.20266,19.40405,2327.0,1529.0,69.0,16.471550032701114,,22.95632626203388,3489.0,1202.0,125.74663227285755,32.393466421223344,29.260264335787433,23.0548859572575,27.9333956067267,21.042732,19.001047
MON,Montecillo,-98.902853,19.460415,2252.0,1356.0,23.0,6.191002949852507,16.74176314990027,19.835252568817353,3040.0,463.0,55.59046052631579,28.59983870092566,30.433134995261995,13.074441187020643,15.184219817260292,26.96985,12.461419
MPA,Milpa Alta,-98.990189,19.1769,2594.0,1480.0,38.0,9.371621621621623,,18.93921008929447,2659.0,858.0,117.77735990974051,44.109416368655495,45.31603285619713,6.896261167990884,6.933224851644368,22.109476,10.610103
NEZ,Nezahualcóyotl,-99.028212,19.393734,2235.0,2925.0,140.0,17.470085470085472,22.80682646209957,22.00969723803896,3324.0,772.0,84.77135980746088,31.234191838124424,29.832348541999373,20.196743177084915,23.824421962988016,22.5591,19.127748
PED,Pedregal,-99.204136,19.325146,2326.0,2073.0,28.0,4.93005306319344,17.59415897508103,18.41566671997754,3356.0,1504.0,163.5756853396901,36.22288746894592,34.845014794670355,16.369899766762448,20.759922766678294,20.337992,16.363346
SAG,San Agustín,-99.030324,19.532968,2241.0,2451.0,80.0,11.913504691962466,21.879582003773105,23.217548224138167,3210.0,409.0,46.506230529595015,25.97177122648518,26.232300855838965,19.893189498017875,22.729728060158966,25.358368,18.64182
SFE,Santa fe,-99.262865,19.357357,2599.0,2004.0,20.0,3.6427145708582835,15.881812359118241,17.950762303235532,2364.0,916.0,141.42978003384096,37.145206000367,34.02745187470292,16.39462039458004,19.697785778532104,25.045753,14.956727
SJA,San Juan Aragón,-99.086095,19.452592,2258.0,,,,,,708.0,240.0,123.72881355932203,,29.067198863746945,,29.128762521335236,23.931295,19.783316
TAH,Tlahuac,-99.010564,19.246459,2297.0,,,,,,2919.0,753.0,94.15724563206578,36.05439964458859,33.876500757046735,12.437503783300928,16.278991445889265,24.01885,12.525342
TLA,Tlalnepantla,-99.204597,19.529077,2311.0,2864.0,112.0,14.273743016759777,21.746493441900526,23.73670099367325,3371.0,595.0,64.42450311480273,25.955501016641346,26.108256617522407,26.08110443161234,29.598505794753716,24.493238,20.719097
TLI,Tultitlán,-99.177173,19.602542,2313.0,,,,,,2429.0,450.0,67.62041992589543,26.167792555135776,27.753580067937477,25.672470172654833,24.397112227071613,23.898514,16.82764
UAX,UAM Xochimilco,-99.103629,19.304441,2246.0,3006.0,64.0,7.771124417831005,18.330094732992197,20.2470009256574,3365.0,1389.0,150.66419019316493,35.11726409996682,33.4259731391621,17.5988895333773,21.174458791754383,22.177683,17.061895
UIZ,UAM Iztapalapa,-99.07388,19.360794,2221.0,2416.0,91.0,13.747930463576159,20.39471894924298,23.061999058724858,3296.0,995.0,110.18658980582524,32.432082731612354,29.61576151743369,22.19614626213086,26.589922124935168,22.292727,20.21754
VIF,Villa de las Flores,-99.09659,19.658223,2242.0,,,,,,3124.0,390.0,45.56658130601792,29.564268051589977,28.82452199643598,16.64161983420221,18.44425062351023,25.901482,15.610493
XAL,Xalostoc,-99.0824,19.525995,2160.0,1539.0,247.0,58.58024691358025,,29.007150813097347,2226.0,197.0,32.30233602875112,,24.087174440191475,,30.494372160150892,24.948774,18.692017
FAR,FES Aragón,-99.046176,19.473692,2230.0,1831.0,30.0,5.980338612779902,17.653636948633167,19.137555116067407,1910.0,446.0,85.2303664921466,32.73093282265362,31.56982204094677,16.806534021971594,18.8377288467534,24.272072,16.73694
SAC,Santiago Acahualtepec,-99.009381,19.34561,2293.0,1706.0,103.0,22.036928487690503,23.734023187320833,24.467141918522795,1891.0,452.0,87.24484399788471,34.30938901152518,32.27763369006377,19.59208637488013,21.803411972707327,23.501707,17.076591
